YEAR_NUM,LOCALE_VA,SDOH_Median_Household_Income,MM_Drug_poison_deaths_p_100_0,SDOH_PMU,SDOH_Median_income,SDOH_Per_Adults_Bachelors,MM_Est_Age_adj_Death_Rate,SUM_Est_Age_adj_Deaths_Num,SUM_Population,POP_ESTIMATE_,Unemployed_,SDOH_Unemployment_Rate,Beneficiaries_with_Part_A_and_Pa,FFS_Beneficiaries,MA_Beneficiaries,HUTIL_MA_Participation_Rate,Average_Age,Average_HCC_Score,HCOSTS_Total_Actual_Costs,Total_Standardized_Costs,HCOSTS_Total_Standard_Risk_Adj,HCOSTS_Actual_Per_Capita_Costs,Standardized_Per_Capita_Costs,HCOSTS_Standard_Risk_Adj_Per_C,aggravated_assault,homicide,population,property_crime,violent_crime,Percent_of_Adult_Population_Rece,SDOH_Poverty_Estimate_All_Ages,Poverty_Percent_All_Ages,SDOH_violent_crime_rate,Long_Acting_Opioid_Prescribing_R,Opioid_Claims,Opioid_Prescribing_Rate,Overall_Claims,Part_D_Opioid_Prescribers,Part_D_Prescribers,YEAR_DT
2013,Alabama,43083.43095,12.45007981,7.263095238,47320,23.05269085,10.42695438,504.0099876,4833722,4833996,156998,7.2,893186,669697,223489,25.02,70,0.97,5748787121,6298910428,6991450189,8584.16,9405.61,10439.72,13788,346,4833996,161835,20834,10.84,889091,18.9,0.4309891858,9.6,2256479,7.74,29157450,7418,12821,01/01/13
2013,Alaska,63498,16.90897436,5.652222222,72472,27.6847143,12.41494301,91.26621885,735132,737259,25205,6.9,69433,68756,677,0.98,70,0.82,580227287.9,418853874.8,540542052.8,8438.93,6091.89,7861.74,3127,34,737259,21211,4709,4.12,72643,10.1,0.6387171944,19.07,86170,6.73,1280892,1095,2275,01/01/13
2013,Arizona,49509.07143,18.31794872,6.197619048,52611,27.09770592,17.61312392,1167.155497,6626624,6634997,237229,7.8,991824,577447,414377,41.78,72,0.91,5168575064,4849144669,5827317919,8950.73,8397.56,10091.52,17391,355,6634997,223294,27576,5.26,1206948,18.6,0.4156143552,15.84,1541513,6.97,22124355,10490,20542,01/01/13
2013,Arkansas,42037.42857,12.49615385,6.71547619,39376,20.64608405,12.86787293,380.8083571,2959373,2958765,96148,7.4,555245,441689,113556,20.45,70,0.93,3584055108,3823999103,4297548083,8114.43,8657.67,9729.81,9796,158,2958765,106477,13705,10.59,557399,19.4,0.4632000176,9.18,1127286,6.73,16757632,4698,7909,01/01/13
2013,California,58180.37218,11.40769231,6.515555556,60794,31.00197274,15.56342525,5965.853253,38332521,38431393,1668743,8.9,4863331,2766509,2096822,43.11,71,1.02,29920250117,24362770709,24162855345,10815.16,8806.32,8734.06,89029,1746,38431393,1018907,154739,4.86,6328064,16.8,0.4026369796,11.61,7209324,5.47,131842337,49623,109563,01/01/13
2013,Colorado,61777.72857,16.39871795,5.711904762,67912,37.46113616,14.08577399,742.0902687,5268367,5272086,189023,6.8,672942,408706,264236,39.27,71,0.88,3329283678,3192571454,3899512322,8145.91,7811.41,9541.12,9826,174,5272086,139974,16099,4.11,665351,12.9,0.3053630005,15.93,1081546,7.5,14413266,8810,17269,01/01/13
2013,Connecticut,67102.51662,13.78205128,5.171428571,69291,36.99949136,13.34448546,479.8783727,3596080,3599341,144580,7.7,561579,412862,148717,26.48,73,1.04,4603666752,3890847415,3940882902,11150.62,9424.09,9545.28,4906,91,3599341,71274,9439,5.05,373387,10.7,0.2622424494,16.59,668833,4.5,14868134,6280,16017,01/01/13
2013,Delaware,53238.2341,18.31025641,5.546428571,54091,29.43599952,14.81937262,137.1901938,925749,925240,29702,6.7,160187,146983,13204,8.24,72,0.98,1449524466,1336159945,1454557789,9861.85,9090.57,9896.1,2960,41,925240,29001,4633,6.18,115774,12.9,0.5007349444,18.89,232651,6.57,3539095,1566,3204,01/01/13
2013,Florida,47412.09762,13.95819481,6.323809524,48532,26.76253591,16.39534348,3205.758558,19552860,19600311,690157,7.3,3649437,2213241,1436196,39.35,73,1.07,24298591934,24333484726,24260691692,10978.74,10994.5,10961.61,61054,972,19600311,607170,91993,6.23,3268130,17.1,0.4693445936,12.74,5233622,5.21,100542921,28247,61029,01/01/13
2013,Georgia,49088.53033,11.00970036,5.486904762,46992,28.31162595,11.86344953,1185.415689,9992167,9994759,390799,8.2,1351620,944469,407151,30.12,70,1.01,8605824586,8890229518,9403669908,9111.81,9412.94,9956.57,21361,563,9994759,339808,37519,6.34,1849944,19,0.3753867402,10.12,2699424,6.56,41154138,13611,25625,01/01/13
2013,Hawaii,63931.03095,12.39230769,5.686904762,64235,30.47126663,10.8355365,152.1367836,1404054,1408987,31552,4.8,208850,98007,110843,53.07,73,0.91,699381648.5,593801236.6,681456400.2,7136.04,6058.76,6953.14,2111,32,1408987,45266,3585,4.11,153375,11.2,0.2544381176,14.33,175542,3.87,4533930,1690,4053,01/01/13
2013,Idaho,51400.1119,12.7525641,6.177222222,48467,25.41775522,12.23142838,197.1872602,1612136,1612843,47033,6.1,250917,168132,82785,32.99,71,0.87,1291619328,1278445626,1597806958,7682.17,7603.82,9503.29,2548,29,1612843,30230,3471,5.98,246708,15.6,0.2152100359,16.56,433676,7.71,5625884,2667,4752,01/01/13
2013,Illinois,54577.43333,12.55641026,6.438888889,53937,31.88968472,11.27279984,1452.177294,12882135,12890552,594127,9.1,1856528,1620399,236129,12.72,72,1,16369700739,15571947416,16313271992,10102.27,9609.95,10067.44,28161,722,12890552,296048,51956,5.45,1841996,14.6,0.4030548886,10.27,2288636,4.98,45984464,17940,41756,01/01/13
2013,Indiana,48025.05476,16.66794872,6.027380952,49455,23.62030673,14.40837348,946.7601013,6570902,6570713,244752,7.7,1060593,814354,246239,23.22,71,1,7589334932,7650291320,8050426414,9319.45,9394.31,9885.66,13915,357,6570713,187472,23627,6.74,1008411,15.8,0.3595804595,13.1,2120330,6.9,30713108,10628,19371,01/01/13
2013,Iowa,56078.67013,9.187179487,5.027222222,60156,26.35214734,7.057152305,218.095364,3090416,3092341,79755,4.8,533377,452084,81293,15.24,73,0.9,3587528490,3529089077,4238121482,7935.54,7806.27,9374.63,6332,41,3092341,67976,8443,5.48,377037,12.6,0.2730293975,13.86,803622,4.89,16448748,4876,9767,01/01/13
2013,Kansas,51575.65316,11.31538462,5.602222222,47820,30.71522869,10.10874095,292.5426164,2893957,2895801,79202,5.3,446533,383733,62800,14.06,72,0.93,3338298620,3418426747,3952487228,8699.53,8908.35,10300.1,7177,117,2895801,85704,9928,5.61,391718,13.9,0.3428412381,14.06,858527,6.36,13508124,4865,9120,01/01/13
2013,Kentucky,42177.8,25.5525641,7.832222222,44879,21.7719509,18.02406635,792.210887,4395295,4399583,165262,8,797274,597350,199924,25.08,69,1,5333905923,5556362190,5981235987,8929.28,9301.69,10012.95,4215,172,4399583,104448,9280,11.39,803044,18.8,0.2109290812,8.92,1759755,6.21,28330810,6619,14339,01/01/13
2013,Louisiana,42261.06429,14.61282051,6.947619048,46425,22.12168878,13.5286969,625.7658165,4625470,4629284,141689,6.7,723798,511651,212147,29.31,69,1.06,5360837894,5672401961,5518713646,10477.53,11086.47,10786.09,16331,494,4629284,165679,24127,8.69,897284,20,0.5211821094,7.88,1556183,6.34,24541664,7680,14819,01/01/13
2013,Maine,50751.96136,12.27435897,6.023809524,54957,28.36409592,13.48889759,179.1732965,1328302,1328702,46929,6.6,278108,222879,55229,19.86,70,0.93,1810193805,1731807062,1934025924,8121.87,7770.17,8677.47,907,24,1328702,30454,1761,9.41,181386,14,0.1325353616,17.65,423580,6.29,6734131,3090,5821,01/01/13
2013,Maryland,70969.35238,13.95512821,5.494047619,69353,37.29438766,14.35441652,851.0466562,5928814,5938737,206890,6.6,791196,707942,83254,10.52,72,1.01,8044707641,6553880440,7011320784,11363.51,9257.65,9903.81,16124,384,5938737,157918,28235,4.94,591457,10.2,0.4754377909,16.45,936860,6.03,15525472,8786,21070,01/01/13
2013,Massachusetts,64222.16667,14.10641026,5.379761905,62529,39.9758317,15.76271974,1054.97109,6692824,6708874,236540,6.7,1070064,839091,230973,21.58,71,1.01,9087733431,7662655750,7933276739,10830.45,9132.09,9454.61,18118,138,6708874,137274,27264,6.89,770922,11.9,0.4063871225,14.87,1326498,4.47,29690419,13477,32791,01/01/13
2013,Michigan,49938.84286,15.27820513,6.121428571,56567,26.41555664,14.17855785,1403.056489,9895622,9898193,421928,8.9,1773561,1246868,526693,29.7,71,1.05,12746955408,12162789487,12376397885,10223.18,9754.67,9925.99,27254,625,9898193,230135,44757,8.13,1646038,17,0.4521734422,12.15,3320243,7.46,44479073,19136,37872,01/01/13
2013,Minnesota,60684.16905,9.893589744,4.619444444,64324,33.17133563,8.068609618,437.349302,5420380,5422060,146423,4.9,828445,378437,450008,54.32,70,0.93,3229268793,2960248798,3387317952,8533.17,7822.3,8950.81,6908,114,5422060,131193,12710,5.07,592526,11.2,0.2344127509,14.67,1079182,5.27,20484528,9565,19975,01/01/13
2013,Mississippi,38674.59286,11.02692308,6.823809524,32338,20.4066043,10.13141341,303.051547,2991207,2992206,110887,8.7,526057,450349,75708,14.39,69,0.99,4288718468,4576135031,4839103391,9523.1,10161.31,10745.23,4649,217,2992206,81548,8303,10.59,692058,23.9,0.2774875794,7.86,1100471,6.42,17154391,4763,8334,01/01/13
2013,Missouri,50439.27619,17.45128205,6.831666667,46303,26.65824425,13.93474599,842.2398759,6044171,6044917,202049,6.7,1043176,758334,284842,27.31,71,1,6777986073,6888346162,7448065299,8938,9083.53,9821.62,18056,369,6044917,189655,26216,7.84,928778,15.8,0.4336866825,12.17,2035168,6.13,33200652,9912,19805,01/01/13
2013,Montana,47156.87966,13.72307692,6.171428571,43201,29.07012106,12.17292458,123.5752698,1015165,1014864,27914,5.4,181084,150010,31074,17.16,72,0.83,1079485011,1037390810,1352958808,7196.09,6915.48,9019.12,2217,23,1014864,26195,2924,5.98,159248,16.1,0.2881174226,17.47,267078,6.79,3931842,1885,3375,01/01/13
2013,Nebraska,55096.61667,7.548717949,5.061904762,57623,28.96072033,6.151373718,114.9394021,1868516,1868969,38571,3.8,284835,246783,38052,13.36,73,0.9,2125586614,2062307213,2494309606,8613.18,8356.76,10107.3,3011,56,1868969,49197,4949,4.96,234742,12.9,0.2647983995,14.02,452799,5.08,8918314,3084,6311,01/01/13
2013,Nevada,46919.38833,23.1974359,6.351190476,51846,22.53495822,17.58749338,490.7149844,2790136,2791494,132137,9.5,381879,243810,138069,36.16,71,0.94,2406323725,2192644137,2452956799,9869.67,8993.25,10060.94,10060,163,2791494,79177,16888,4.64,433267,15.8,0.6049807021,14.52,680449,8.13,8374703,3669,6711,01/01/13
2013,New Hampshire,71314.75,15.12307692,5.597619048,69099,34.36133414,14.7526484,195.245253,1323459,1322616,37723,5.1,227540,212028,15512,6.82,71,0.87,1824547502,1657962329,1993406099,8605.22,7819.54,9401.62,1708,21,1322616,30409,2952,6.84,115146,9,0.2231940336,20.95,291345,6.18,4715410,2630,5392,01/01/13
2013,New Jersey,66454.17143,13.79230769,6.056666667,63754,36.35016962,11.82660035,1052.489258,8899339,8911502,369958,8.2,1321828,1073861,247967,18.76,73,1.05,12078093502,10736494615,10794609862,11247.35,9998.03,10052.15,12071,404,8911502,167634,25748,4.98,995390,11.4,0.2889299694,16.24,1442925,4.26,33890715,12371,29842,01/01/13
2013,New Mexico,45383.71429,24.59615385,6.985555556,40166,26.08585359,19.63386765,409.4224896,2085287,2086895,63690,6.9,324794,216888,107906,33.22,70,0.92,1647566334,1562293320,1788842155,7596.39,7203.23,8247.77,9470,123,2086895,78958,12990,7.16,437923,21.4,0.6224558495,12.79,441989,6.49,6805584,3309,6785,01/01/13
2013,New York,52904.65952,11.51666667,6.138333333,49966,33.67968933,7.965856013,1565.380482,19651127,19695680,740805,7.7,2978847,1825003,1153844,38.73,72,1.08,20248893896,16821354957,16582664299,11095.27,9217.17,9086.38,46130,644,19695680,358603,77563,6.49,3068230,16,0.3938071699,14.2,2795434,3.1,90289484,29561,85841,01/01/13
2013,North Carolina,44458.80952,13.36410256,6.737222222,46337,27.79439471,14.75062461,1452.650362,9848060,9848917,370326,7.9,1631091,1266550,364541,22.35,70,0.97,10952277622,10978720380,12229176098,8647.33,8668.21,9655.5,21325,463,9848917,305631,33587,7.16,1711331,17.8,0.3410222667,13.02,3195975,6.31,50623134,17504,32094,01/01/13
2013,North Dakota,56952.40476,3.528205128,4.467857143,59152,27.32161901,4.721989038,34.15853816,723393,723857,11868,2.9,108604,91981,16623,15.31,73,0.89,732194069.3,723663886.1,895312715.6,7960.28,7867.54,9733.67,1447,16,723857,15356,1979,4.22,81055,11.6,0.273396541,17.12,163909,4.59,3569541,1370,2661,01/01/13
2013,Ohio,47280.70952,19.93589744,6.972619048,50748,25.62439991,13.90405478,1608.811483,11570808,11572005,426918,7.5,1968078,1178602,789476,40.11,70,1.05,11673332866,11681205937,11834251254,9904.39,9911.07,10040.92,14370,478,11572005,338414,33722,7.27,1793523,15.9,0.2914101748,11.31,3438761,5.81,59181937,20065,40658,01/01/13
2013,Oklahoma,47864.02857,21.25512821,7.535714286,46162,23.81922546,18.35894152,706.9235273,3850568,3853118,96430,5.3,623503,511554,111949,17.95,71,0.97,4658513262,4880302320,5306734975,9106.59,9540.15,10373.75,11652,198,3853118,126418,17187,7.55,624209,16.7,0.4460543383,12.72,1294731,7.75,16713872,6216,10962,01/01/13
2013,Oregon,55207.55952,13.04871795,6.026666667,48999,30.06955317,13.63225221,535.756373,3930065,3928068,150186,7.9,665520,357297,308223,46.31,71,0.87,2682267075,2422235755,2980993672,7507.11,6779.33,8343.18,5596,82,3928068,125083,9536,6.02,637505,16.5,0.2427656548,17.75,1201950,7.52,15989964,7776,14846,01/01/13
2013,Pennsylvania,54330.27076,19.30641026,6.44047619,55156,28.09896243,14.46919005,1848.265543,12773801,12781296,477843,7.4,2316346,1315861,1000485,43.19,72,1.03,13108650716,12679392673,13007688682,9962.03,9635.81,9885.31,23680,611,12781296,263176,42825,7.54,1687854,13.7,0.3350599188,15.52,3521683,5.01,70362409,23242,52448,01/01/13
2013,Rhode Island,56734.66429,20.96410256,6.342777778,56323,31.3847026,17.59073461,184.9685094,1051511,1053354,51540,9.3,177497,106051,71446,40.25,70,1,1046414013,931657647.7,963858317.7,9867.08,8785,9088.63,1547,31,1053354,25741,2710,7.89,148275,14.7,0.2572734332,11.76,254153,4.14,6145748,2113,4705,01/01/13
2013,South Carolina,43836.50714,14.01410256,6.421111111,43563,25.34346898,11.29371651,539.2567803,4774839,4771929,166641,7.6,852207,659206,193001,22.65,71,0.94,5737967939,5899836039,6717617529,8704.36,8949.91,10190.47,17760,305,4771929,173261,24263,8.02,858553,18.5,0.5084526614,9.52,1437178,6.82,21063586,7581,13481,01/01/13
2013,South Dakota,51908.18571,6.441025641,4.5,53413,26.6738768,6.060383517,51.20278645,844877,845510,16813,3.8,141291,118067,23224,16.44,73,0.87,927334437,888557460.6,1123042827,7854.31,7525.87,9511.91,2052,18,845510,16274,2733,5.1,114291,14,0.323236863,17.09,208722,5.18,4030922,1561,3028,01/01/13
2013,Tennessee,43019.45952,18.34871795,6.836904762,43361,24.38786295,18.2702803,1186.833389,6495978,6497269,239328,7.8,1136204,759902,376302,33.12,70,1,6704135859,7223418775,7647368449,8822.37,9505.72,10063.62,27895,335,6497269,207683,38063,8.62,1128618,17.8,0.5858307544,13.88,2867361,7.36,38948999,12541,22487,01/01/13
2013,Texas,52003.84048,9.807692308,6.309068601,51406,27.08758225,10.43848095,2760.789589,26448193,26505637,800537,6.2,3223576,2230001,993575,30.82,71,1.06,23876791994,24097765849,23703605291,10707.08,10806.17,10629.41,65351,1140,26505637,862289,108757,5.21,4531427,17.5,0.4103164923,7.89,5171073,6.08,85004968,32034,64950,01/01/13
2013,Utah,61660.4,20.35512821,5.694444444,61047,30.64865273,18.79954842,545.3508362,2900872,2902787,65722,4.7,297633,186559,111074,37.32,72,0.89,1506988365,1530547742,1877049892,8077.81,8204.09,10061.43,3824,51,2902787,88334,6644,3.75,360119,12.6,0.2288834834,14.16,519978,7.67,6775591,3855,7906,01/01/13
2013,Vermont,57386.52143,13.21538462,5.819047619,65513,35.2022437,12.18221919,76.3374401,626630,626855,15529,4.4,117576,107960,9616,8.18,71,0.86,873815726,762352713.3,931907532.4,8093.88,7061.44,8631.97,554,10,626855,13882,775,7.51,73947,12.3,0.1236330571,21.75,143606,5.88,2442517,1169,2485,01/01/13
2013,Virginia,66095.87857,9.765384615,5.42,65907,35.76672044,12.13997637,1002.811215,8260405,8270345,241165,5.7,1186615,982575,204040,17.2,72,0.94,8397771545,8325631021,9389080592,8546.7,8473.28,9555.59,9111,320,8270345,171558,16355,5.46,941059,11.7,0.197754749,11.1,1707433,5.95,28691842,11800,24227,01/01/13
2013,Washington,61727.00952,14.63589744,6.115555556,63922,32.30256808,16.89483524,1177.807558,6971406,6973742,243072,7,1038239,704882,333357,32.11,71,0.9,5791040470,5220884465,6200869551,8215.62,7406.75,8797.03,11623,167,6973742,259139,20223,5.73,963088,14.1,0.2899877856,17.04,1570685,6.96,22557119,12117,24158,01/01/13
2013,West Virginia,43143.3381,33.39871795,7.480952381,43069,18.74814225,18.27746797,338.9198196,1854304,1853595,53956,6.7,392922,293695,99227,25.25,69,0.97,2467562633,2525334785,2727087765,8401.79,8598.49,9285.44,4242,62,1853595,39929,5657,12.57,331674,18.4,0.305190724,8.63,807332,6.53,12355888,3450,6715,01/01/13
2013,Wisconsin,54871.61667,13.74358974,5.645238095,51726,27.41777125,10.1702273,584.0469654,5742713,5742953,208266,6.8,966130,615497,350633,36.29,71,0.95,5120527378,4926330901,5577753559,8319.34,8003.83,9062.19,9285,163,5742953,125694,16118,6.06,753709,13.5,0.2806570069,17.71,1440967,5.9,24438785,10156,19761,01/01/13
2013,Wyoming,56893.7,17.78589744,5.866111111,67441,25.12240946,12.8428854,74.83009921,582658,583223,14507,4.7,85112,81559,3553,4.17,72,0.81,638105565.5,571159314.6,768907856.1,7823.85,7003.02,9427.63,917,17,583223,12809,1212,4.45,62118,10.9,0.2078107345,15.33,95478,5.93,1609459,837,1692,01/01/13
2014,Alabama,43658.59167,13.01168716,7.278571429,42278,23.05269085,11.13768088,540.1081349,4849377,4849377,146208,6.8,914826,674129,240697,26.31,70,0.98,5849636128,6329339673,6906051318,8677.32,9388.91,10244.41,13744,276,4846411,154087,20727,10.98,905682,19.2,0.4276773059,9.64,2260622,7.84,28850491,7416,13099,01/01/14
2014,Alaska,64320.2,17.18030303,5.675555556,67629,27.6847143,13.16187375,96.96773572,736732,736732,24956,6.8,72172,71383,789,1.09,70,0.81,616978426.8,468456006.6,608433407.9,8643.21,6562.57,8523.51,3243,41,737046,20334,4684,4.01,81622,11.4,0.6355098596,19.57,93052,6.72,1384380,1096,2293,01/01/14
2014,Arizona,50189.25,18.72878788,6.235714286,49254,27.09770592,17.99906684,1211.604305,6731484,6731484,212985,6.9,1032160,598254,433906,42.04,72,0.91,5331083622,4981648881,5903300612,8911.07,8326.98,9867.55,16614,311,6728783,213406,26422,5.26,1195889,18.2,0.3926713048,15.74,1635273,6.97,23454019,10821,21253,01/01/14
2014,Arkansas,42857.1,12.68636364,6.717857143,44922,20.64608405,13.67203766,405.5630868,2966369,2966369,79733,6.1,565764,444779,120985,21.38,70,0.94,3691930410,3899511992,4303507292,8300.6,8767.3,9675.61,10220,175,2966835,99452,14248,10.69,539999,18.7,0.4802424132,9.21,1146164,6.62,17301516,4763,8010,01/01/14
2014,California,58851.49596,11.55454545,6.528888889,60487,31.00197274,16.33051779,6336.649166,38802500,38802500,1414276,7.5,5027475,2718612,2308863,45.92,72,1.01,29420917291,23628094869,23530485308,10822.04,8691.23,8655.33,91804,1700,38792291,947193,153763,4.82,6253423,16.4,0.3963751458,11.71,7317333,5.45,134377442,50485,111391,01/01/14
2014,Colorado,62836.85,16.66515152,5.746428571,60940,37.46113616,14.77525621,791.3429238,5355866,5355866,141387,5,703427,419070,284357,40.42,71,0.88,3472561106,3284153218,4001426304,8286.35,7836.77,9548.35,10211,150,5355588,135789,16487,4.18,632987,12.1,0.3078466828,15.39,1154427,7.36,15685452,9249,18116,01/01/14
2014,Connecticut,69629.95456,14.13939394,5.128571429,70161,36.99949136,14.55924313,523.6489489,3596677,3596677,124705,6.6,571698,414271,157427,27.54,73,1.05,4687844003,3875545342,3847715097,11315.89,9355.1,9287.92,4520,89,3594762,69326,8575,5.13,375281,10.8,0.2385415224,16.37,683794,4.48,15278380,6451,16505,01/01/14
2014,Delaware,57133.06881,19.00151515,5.478571429,57522,29.43599952,16.58992495,155.2176604,935614,935614,25854,5.7,166336,151409,14927,8.97,72,0.99,1529939339,1393351890,1491861443,10104.68,9202.57,9853.19,2857,50,935968,27915,4568,6.22,118032,13,0.4880508735,19.4,236474,6.51,3633627,1577,3270,01/01/14
2014,Florida,48124.95833,13.52187992,6.342857143,46140,26.76253591,17.26834781,3435.243717,19893297,19893297,603296,6.3,3779474,2208280,1571194,41.57,73,1.07,24283097091,24058537402,23564870177,10996.39,10894.7,10671.14,61610,982,19905569,583774,91345,6.42,3231142,16.6,0.45889168,13.07,5430401,5.25,103497628,28509,63155,01/01/14
2014,Georgia,47634.71043,11.33424725,5.421428571,49555,28.31162595,12.52812716,1265.007971,10097343,10097343,342365,7.2,1404460,948451,456009,32.47,70,1.02,8716701926,8827022304,9221539987,9190.46,9306.78,9722.74,22415,607,10097132,339146,38955,6.52,1802783,18.4,0.385802622,10.16,2756025,6.29,43782073,13460,26469,01/01/14
2014,Hawaii,64996.29167,12.71818182,5.821428571,71223,30.47126663,11.61963637,164.9478263,1419561,1419561,29153,4.4,215152,100192,114960,53.43,73,0.91,729317229.3,605056634.3,668765621.9,7279.2,6038.97,6674.84,1842,20,1420257,46022,3362,4.08,158266,11.5,0.2367177208,13.89,168141,3.82,4405235,1662,4070,01/01/14
2014,Idaho,52392.30833,13.12878788,6.208888889,53438,25.41775522,13.31666838,217.6561506,1634464,1634464,37404,4.8,260983,171598,89385,34.25,71,0.86,1350672431,1321909203,1639751017,7871.14,7703.52,9555.77,2559,32,1634806,30440,3439,6.17,237604,14.8,0.2103613517,16.52,441839,7.69,5746744,2726,4877,01/01/14
2014,Illinois,55372.68333,12.86515152,6.522222222,54916,31.88968472,12.03926553,1550.727228,12880580,12880580,460363,7.1,1895204,1474203,421001,22.21,72,1,14906406776,14112600389,14689744145,10111.5,9573.04,9964.53,27485,690,12882189,269647,47775,5.46,1802337,14.3,0.370860884,10.26,2392515,4.85,49325470,18484,43078,01/01/14
2014,Indiana,48601.20833,17.20606061,5.989285714,48060,23.62030673,15.01860705,990.7557304,6596855,6596855,194959,6,1086061,820424,265637,24.46,71,1,7763018698,7705441021,8026066541,9462.2,9392.02,9782.83,14681,333,6597880,174909,24105,6.93,968437,15.2,0.3653446258,12.88,2092982,6.62,31638116,10625,19897,01/01/14
2014,Iowa,57219.77372,9.510606061,5.042222222,57810,26.35214734,7.613397465,236.5578521,3107126,3107126,75249,4.4,543468,459063,84405,15.53,73,0.9,3698456434,3619893027,4288583337,8056.53,7885.39,9342.04,6227,60,3109481,65100,8484,5.64,368678,12.3,0.27284296,13.72,795962,4.82,16511168,4939,10063,01/01/14
2014,Kansas,52759.14739,11.57272727,5.675555556,53444,30.71522869,10.77611777,312.9407231,2904021,2904021,67994,4.5,456290,389988,66302,14.53,72,0.93,3460732306,3527653790,4000420324,8873.95,9045.54,10257.8,7299,92,2902507,80029,10235,5.72,381506,13.5,0.3526261952,14.1,871931,6.34,13748124,4957,9374,01/01/14
2014,Kentucky,42646.9,26.43333333,7.862222222,42786,21.7719509,18.6525234,823.2210997,4413457,4413457,130106,6.5,813523,596117,217406,26.72,69,1,5314017339,5440589471,5719661755,8914.39,9126.71,9594.86,4432,164,4412617,99909,9495,11.32,812803,19,0.2151784304,8.85,1744772,5.99,29136169,6800,14677,01/01/14
2014,Louisiana,42981.375,14.60757576,7.110714286,42406,22.12168878,14.19918094,660.2159084,4649676,4649676,137577,6.4,742107,508967,233140,31.42,69,1.07,5366329026,5609946544,5422271893,10543.57,11022.22,10653.48,16400,476,4648990,161192,23983,8.78,898902,19.9,0.5158754912,8.05,1561878,6.2,25208545,7828,15217,01/01/14
2014,Maine,51780.88995,12.31666667,5.992857143,51710,28.36409592,14.39047255,191.4060924,1330089,1330089,39876,5.7,285530,221457,64073,22.44,70,0.92,1834459377,1748913983,1953888069,8283.59,7897.31,8822.88,889,21,1330256,26427,1698,9.66,181737,14,0.1276446037,17.85,424667,6.18,6866256,3098,5885,01/01/14
2014,Maryland,72376.06667,14.08939394,5.464285714,76165,37.29438766,14.72722798,880.1590842,5976407,5976407,181352,5.8,813828,728262,85566,10.51,72,1.01,8250382180,6885483951,7205752005,11328.87,9454.68,9894.45,15208,362,5975346,150390,26767,5.09,604762,10.4,0.4479573233,16.67,1032541,6.06,17032082,9051,21535,01/01/14
2014,Massachusetts,65421.91667,14.25151515,5.328571429,63151,39.9758317,15.83910085,1068.411976,6745408,6745408,204809,5.8,1096460,836439,260021,23.71,71,1.01,9112751901,7594551328,7792698328,10894.7,9079.62,9316.52,18277,133,6755124,125481,26689,7.01,760211,11.7,0.3950926734,14.98,1349508,4.37,30885895,13541,33380,01/01/14
2014,Michigan,50414.65,15.66212121,6.078571429,52005,26.41555664,14.8930001,1475.877991,9909877,9909877,347972,7.3,1813450,1215732,597718,32.96,70,1.06,12540276267,11910432810,11918358589,10315,9796.92,9803.44,27610,544,9916306,202692,42555,8.35,1567465,16.2,0.4291416582,12.23,3414433,7.36,46421125,19720,38695,01/01/14
2014,Minnesota,61353.00833,10.24848485,4.544444444,67244,33.17133563,8.701736708,474.8688262,5457173,5457173,121626,4.1,851424,369520,481904,56.6,70,0.94,3243166826,2942629090,3235080286,8776.7,7963.38,8754.82,6729,88,5457125,125377,12505,5.18,607870,11.4,0.2291499645,14.4,1101290,5.31,20745166,9741,20272,01/01/14
2014,Mississippi,39214.825,11.13181818,6.792857143,35521,20.4066043,10.82014671,323.9637405,2994079,2994079,96343,7.8,537199,456373,80826,15.05,69,1,4397746296,4661517908,4833838652,9636.3,10214.27,10591.86,4585,259,2993443,86887,8331,10.7,634960,21.9,0.2783082892,8.09,1090112,6.23,17506993,4786,8420,01/01/14
2014,Missouri,51159.33333,17.97575758,6.893333333,56630,26.65824425,14.96362548,907.3327486,6063589,6063589,186901,6.1,1066125,756524,309601,29.04,71,1,6898763228,6964479914,7427917221,9119.03,9205.89,9818.48,18483,404,6063827,176436,26882,8.03,908394,15.5,0.4433173968,12.09,2091781,6.03,34718179,9994,20200,01/01/14
2014,Montana,49404.55126,13.89090909,6.228571429,51102,29.07012106,13.18840376,134.9937313,1023579,1023579,24346,4.7,186556,151505,35051,18.79,72,0.84,1102394732,1048988543,1336263701,7276.29,6923.79,8819.93,2563,38,1023252,25525,3361,5.92,151915,15.2,0.3284625879,17.09,264976,6.73,3939752,1903,3483,01/01/14
2014,Nebraska,56141.14167,7.810606061,5.071428571,56870,28.96072033,6.530917768,122.8794137,1881503,1881503,33903,3.3,290638,252508,38130,13.12,73,0.89,2210979901,2149435310,2553794980,8756.08,8512.35,10113.72,3226,53,1882980,47526,5201,5.01,225054,12.3,0.2762111122,13.66,456822,5,9132811,3206,6491,01/01/14
2014,Nevada,47319.33293,23.63030303,6.332142857,49875,22.53495822,18.23678873,517.7604864,2839099,2839099,108125,7.8,399303,252049,147254,36.88,71,0.94,2526491297,2282739604,2509881456,10023.81,9056.73,9957.91,10562,170,2838281,74574,18043,4.87,430447,15.4,0.63570168,14.49,692221,7.95,8710912,3760,6971,01/01/14
2014,New Hampshire,72846.675,15.50454545,5.585714286,73397,34.36133414,16.15967962,214.40873,1326813,1326813,31959,4.3,235583,217110,18473,7.84,71,0.87,1889772200,1703305611,2027598414,8704.22,7845.36,9339.04,1469,16,1327996,26098,2625,7.1,117822,9.2,0.197666258,20.75,301510,6.02,5011995,2673,5543,01/01/14
2014,New Jersey,67428.7,14.39545455,6.093333333,65243,36.35016962,12.36812123,1105.484319,8938175,8938175,300277,6.6,1347560,1106212,241348,17.91,73,1.06,12695891039,10971840900,10833163953,11476.91,9918.39,9793.03,11188,352,8938844,154945,23319,5.11,972441,11.1,0.2608726587,16.11,1473349,4.27,34486697,12526,30024,01/01/14
2014,New Mexico,46206.9,24.86818182,7.075555556,46686,26.08585359,20.44552761,426.406199,2085572,2085572,60057,6.5,335593,218510,117083,34.89,70,0.91,1701108305,1593842474,1821068783,7785.04,7294.14,8334.03,8797,101,2085567,73877,12465,7.4,420388,20.6,0.5976791923,12.28,450237,6.51,6913248,3294,6870,01/01/14
2014,New York,53793.99167,11.94848485,6.153333333,54310,33.67968933,8.440511572,1666.682575,19746227,19746227,605041,6.3,3040595,1801175,1239420,40.76,72,1.08,20255995177,16580001953,16105711923,11245.99,9205.1,8941.78,45295,616,19748858,339113,75972,6.43,3082613,16,0.3846905983,14.49,2788827,3,93015355,29037,86813,01/01/14
2014,North Carolina,44987.56667,13.54242424,6.848888889,46784,27.79439471,15.75852409,1567.021963,9943964,9943964,285815,6.1,1682543,1165099,517444,30.75,70,0.99,10283000056,10163233283,10928295316,8825.86,8723.06,9379.71,21377,498,9940387,285498,32718,7.25,1663954,17.2,0.3291421149,13.16,3272850,6.26,52258026,17749,32598,01/01/14
2014,North Dakota,58727.58333,3.443939394,4.432142857,60730,27.32161901,5.152927332,38.10497009,739482,739482,11503,2.8,110262,92030,18232,16.54,73,0.9,751336203.3,736412328.8,896138499.4,8164.04,8001.87,9737.46,1421,23,740040,15857,2001,3.99,79203,11.1,0.2703907897,16.76,165402,4.65,3559837,1384,2726,01/01/14
2014,Ohio,47638.91667,20.72575758,7.060714286,49644,25.62439991,14.38434111,1667.743955,11594163,11594163,327969,5.7,2010955,1171350,839605,41.75,70,1.04,11586051938,11462446824,11486991470,9891.2,9785.67,9806.63,14658,464,11596998,322517,33130,7.55,1778288,15.8,0.2856773796,10.68,3416535,5.63,60727982,20429,41663,01/01/14
2014,Oklahoma,48923.1,21.8030303,7.639285714,47199,23.81922546,19.15516957,742.847245,3878051,3878051,80203,4.5,634591,519067,115524,18.2,71,0.97,4805256842,4998130252,5370311291,9257.49,9629.07,10346.08,10937,180,3879610,117445,16052,7.62,623162,16.6,0.4137529288,13.53,1286613,7.55,17034585,6195,11283,01/01/14
2014,Oregon,56413.24167,13.12424242,6.006666667,58875,30.06955317,14.58260394,578.9642288,3970239,3970239,134956,6.9,691975,363225,328750,47.51,71,0.88,2804635225,2504449406,3014016131,7721.48,6895.04,8297.93,6320,84,3971202,123142,10294,6.25,637156,16.4,0.2592162272,17.42,1229475,7.49,16425235,7962,15094,01/01/14
2014,Pennsylvania,54820.62499,19.8969697,6.467857143,55173,28.09896243,15.06655618,1926.592028,12787209,12787209,369962,5.8,2358519,1328187,1030332,43.69,72,1.03,13339211768,12629919559,12841829563,10043.17,9509.14,9668.69,22304,610,12793767,246982,40298,7.67,1679008,13.6,0.3149815062,15.24,3601967,5.01,71867130,23654,53490,01/01/14
2014,Rhode Island,57763.175,21.6469697,6.371111111,58633,31.3847026,17.85921218,188.4455849,1055173,1055173,42430,7.7,180978,106653,74325,41.07,70,1.02,1079444952,944709412.8,959255236.5,10121.09,8857.79,8994.17,1398,26,1054907,22982,2320,8.08,149825,14.8,0.2199246,11.44,242665,3.9,6229375,2091,4690,01/01/14
2014,South Carolina,44337.425,14.25151515,6.451111111,44929,25.34346898,11.76302051,568.445849,4832482,4832482,141451,6.4,883146,668223,214923,24.34,71,0.94,5866658309,5931997777,6720677463,8779.49,8877.27,10057.54,17513,322,4829160,168281,24038,8.08,838065,17.9,0.4977677277,9.45,1573564,6.38,24650297,7947,14142,01/01/14
2014,South Dakota,53042.15,6.560606061,4.45,53053,26.6738768,6.478774276,55.27528243,853175,853175,15228,3.4,145167,118348,26819,18.47,72,0.88,953515143.3,915774848.9,1135571227,8056.88,7737.98,9595.19,2101,23,853304,16036,2801,5.15,115906,14.1,0.3282534712,16.42,211337,5.21,4054537,1600,3088,01/01/14
2014,Tennessee,43588.29167,18.71515152,6.921428571,43716,24.38786295,18.92494864,1239.461502,6549352,6549352,200633,6.7,1168232,754329,413903,35.43,71,1,6736443402,7118654948,7498301608,8930.38,9437.07,9940.36,29757,369,6547779,200911,39989,8.7,1165245,18.2,0.6107261714,13.78,2922733,7.31,39979877,12753,23033,01/01/14
2014,Texas,53113.65833,9.895454545,6.443415435,53875,27.08758225,11.21552301,3023.363826,26956958,26956958,663997,5.1,3334212,2235759,1098453,32.94,71,1.06,24293540728,24247286597,23572751118,10865.9,10845.21,10543.51,65862,1192,26979078,813515,109711,5.14,4519548,17.2,0.4066521473,8.17,5201466,5.95,87442059,32182,66919,01/01/14
2014,Utah,62784,20.68939394,5.677777778,63383,30.64865273,19.9310456,586.5511396,2942902,2942902,54158,3.8,308868,193114,115754,37.48,72,0.88,1610518240,1600567255,1972980017,8339.73,8288.2,10216.66,3538,66,2944498,85473,6464,3.76,341587,11.8,0.2195280825,14.41,541241,7.76,6976422,3892,7979,01/01/14
2014,Vermont,58662.075,13.53181818,5.839285714,60708,35.2022437,13.0937865,82.04069059,626562,626562,14305,4.1,121073,111302,9771,8.07,71,0.85,899153693.9,787474073,949711372,8078.5,7075.11,8532.74,444,10,626767,9721,643,7.75,72294,12,0.1025899577,22.01,151075,5.89,2566281,1196,2550,01/01/14
2014,Virginia,67500.425,9.922727273,5.38,66155,35.76672044,12.77171482,1064.177716,8332300.955,8326289,220070,5.2,1221725,972847,248878,20.37,72,0.94,8338565710,8182832073,9185579795,8571.3,8411.22,9441.96,9462,350,8328098,161934,16522,5.51,955541,11.8,0.1983886357,11.02,1737696,5.83,29801024,12076,24844,01/01/14
2014,Washington,63098.46667,14.67575758,6.128888889,59068,32.30256808,17.74260948,1252.899691,7061530,7061530,217821,6.2,1077538,721426,356112,33.05,71,0.9,5955564382,5342000650,6259912479,8255.27,7404.78,8677.14,11586,178,7063166,261257,20185,5.84,913463,13.2,0.2857783606,16.8,1629823,7.06,23097569,12373,24598,01/01/14
2014,West Virginia,44134.31667,34.86060606,7.385714286,39552,18.74814225,19.23085391,355.83349,1850326,1850326,51508,6.5,398504,289249,109255,27.42,69,0.97,2440612051,2473213673,2643299957,8437.75,8550.47,9138.49,4517,84,1848751,38282,5850,12.44,328734,18.3,0.3164298491,8.79,799371,6.34,12604461,3436,6892,01/01/14
2014,Wisconsin,55714.44167,14.13939394,5.646428571,58080,27.41777125,10.69772686,615.9284705,5757564,5757564,170385,5.5,992108,613036,379072,38.21,71,0.94,5123568875,4883068002,5471001519,8357.7,7965.39,8924.44,9826,159,5759432,120535,16763,6.26,737307,13.2,0.2910530066,17.49,1483635,5.93,25013596,10300,20148,01/01/14
2014,Wyoming,58276.15,18.53484848,5.897777778,55690,25.12240946,13.40767964,78.32136283,584153,584153,13239,4.3,87835,84308,3527,4.02,72,0.8,673550057,605046853.6,804759022.8,7989.16,7176.62,9545.46,899,16,584304,11477,1142,4.63,63860,11.2,0.1954462061,15.31,102806,6.14,1674691,875,1717,01/01/14
2015,Alabama,44233.75238,13.51888516,7.294047619,45543,23.05269085,11.5849434,563.3588639,4868598.8,4865498.1,116261,5.47,934604,674322,260282,27.85,70,0.99,6030415376,6613815409,7183943548,8942.93,9808.1,10653.58,15960,348,4853875,144785,22957,10.98,875853,18.5,0.4729623239,10.05,2171523,7.51,28896832,6970,13492,01/01/15
2015,Alaska,65142.4,17.4516317,5.698888889,74186.5,27.6847143,14.10463797,104.8684967,746877.2,746431.7,23602.2,6.39,75510,74617,893,1.18,70,0.81,657978523.7,506719892.9,666457581,8818.08,6790.94,8931.71,3671,59,737709,20806,5391,4.01,74941,10.4,0.7307759564,19.63,88746,6.62,1339586,1065,2342,01/01/15
2015,Arizona,50869.42857,19.13962704,6.273809524,51497,27.09770592,18.58923633,1261.842657,6804092.9,6801846.6,182889.6,5.99,1074140,616633,457507,42.59,72,0.92,5598301555,5316583495,6261001562,9078.82,8621.96,10153.53,18193,306,6817565,207184,27968,5.26,1159046,17.4,0.4102344459,16.2,1644343,6.76,24314102,10972,21832,01/01/15
2015,Arkansas,43676.77143,12.87657343,6.720238095,43864.2,20.64608405,14.38974066,428.4721116,2982442.8,2979575.9,76555.5,5.99,575334,446656,128678,22.37,70,0.94,3813157344,4079103061,4563964158,8537.12,9132.54,10218.07,11455,189,2977853,97391,15769,10.69,540733,18.7,0.5295425933,9.8,1130659,6.36,17786224,4702,8327,01/01/15
2015,California,60906.14142,11.7013986,6.542222222,63140.7,31.00197274,16.7951611,6560.481847,39145772.9,39165658,1237064,6.48,5191123,2755682,2435441,46.92,72,1.02,30743062211,24797657444,24789169837,11156.24,8998.74,8995.66,99349,1861,38993940,1024914,166883,4.82,5896255,15.4,0.4279716284,12.37,7025039,5.17,135879389,50415,114107,01/01/15
2015,Colorado,63895.97143,16.93158508,5.780952381,64202.9,37.46113616,15.63041673,844.6435098,5433034.7,5427681.5,132676.1,4.65,733460,430901,302559,41.25,71,0.88,3652013678,3490732490,4238600893,8475.3,8101.01,9836.6,10532,173,5448819,144044,17348,4.18,614410,11.5,0.3183809189,15.77,1178253,7.22,16323222,9438,18913,01/01/15
2015,Connecticut,71531.47522,14.4967366,5.085714286,70683,36.99949136,14.76079044,532.0120158,3605741.3,3605092.8,116986.2,6.27,581383,412120,169263,29.11,73,1.05,4752162613,4002170665,3998414842,11531.02,9711.18,9702.06,4099,116,3584730,65610,7938,5.13,367867,10.6,0.2214392716,16.43,681476,4.27,15968369,6452,16842,01/01/15
2015,Delaware,55853.14873,19.69277389,5.410714286,55305.9,29.43599952,16.9726365,159.883551,944897,943812.1,24015.1,5.24,172542,156300,16242,9.41,72,0.99,1593590434,1474888521,1599770184,10195.72,9436.27,10235.25,3097,62,944076,25545,4760,6.22,115655,12.6,0.504196696,19.39,238347,6.3,3783160,1616,3359,01/01/15
2015,Florida,48837.81905,14.00465628,6.361904762,48255.3,26.76253591,17.84416712,3579.990472,20128303,20134166.5,487240.2,4.95,3911740,2215360,1696380,43.37,73,1.07,24514917390,24616634573,24184594263,11065.88,11111.8,10916.78,63895,1041,20244914,570270,93625,6.42,3129061,15.8,0.4624618312,13.9,5449136,5.15,105837761,26598,65665,01/01/15
2015,Georgia,50039.56805,11.61902889,5.355952381,50520.1,28.31162595,13.18687765,1340.513616,10201364.7,10191948.2,310550.3,6.48,1452556,942083,510473,35.14,70,1.02,8832431394,9076339948,9542877525,9375.43,9634.33,10129.55,22467,622,10199398,316013,38891,6.52,1705831,17.2,0.3813068183,10.47,2748839,6.02,45655802,13270,27344,01/01/15
2015,Hawaii,66061.55238,13.04405594,5.955952381,70628.2,30.47126663,12.05208593,172.3401263,1434537,1435290.4,24395.2,3.68,220807,103650,117157,53.06,73,0.93,789170225.1,652797908.2,727937678.9,7613.8,6298.1,7023.04,2418,19,1431603,54346,4201,4.08,149091,10.7,0.2934472755,13.89,159578,3.8,4199186,1656,4142,01/01/15
2015,Idaho,53384.50476,13.50501166,6.240555556,53002.4,25.41775522,14.03538182,230.3240462,1647253.5,1646477.1,30898.8,3.9,271602,175590,96012,35.35,71,0.87,1407088903,1398525101,1745980824,8013.49,7964.72,9943.51,2667,32,1652828,28912,3593,6.17,238646,14.7,0.2173849911,16.73,447685,7.39,6055890,2824,5098,01/01/15
2015,Illinois,56167.93333,13.17389277,6.605555556,55894,31.88968472,12.60541711,1625.612793,12901404,12902581.3,444611.7,6.9,1933032,1456942,476090,24.63,72,0.99,14880495079,14236680672,15004785969,10213.51,9771.62,10298.82,29019,754,12839047,256962,49755,5.46,1702210,13.6,0.3875287628,10.48,2382976,4.69,50851327,18750,44282,01/01/15
2015,Indiana,49177.3619,17.74417249,5.951190476,49507,23.62030673,15.68000527,1037.548786,6625188.8,6622587.7,170344.2,5.24,1111595,825113,286482,25.77,71,1,7998444964,8008555146,8358753271,9693.76,9706.01,10130.43,15536,370,6612768,171878,25373,6.93,924428,14.4,0.3836971144,12.69,2046180,6.31,32449634,10572,20458,01/01/15
2015,Iowa,57253.71288,9.834032634,5.057222222,62386.1,26.35214734,8.16850057,254.3673713,3120973.1,3120449.9,67129.3,3.96,553609,464411,89198,16.11,73,0.9,3879256017,3813190782,4570903451,8353.07,8210.81,9842.37,6291,73,3121997,64688,8619,5.64,366453,12.1,0.2760732954,14.01,779333,4.65,16758716,5147,10327,01/01/15
2015,Kansas,51604.51621,11.83006993,5.748888889,53629.5,30.71522869,11.56260307,336.7941786,2919005.3,2917734.4,59038,3.92,465386,396092,69294,14.89,72,0.93,3605678674,3717154169,4273714260,9103.13,9384.57,10789.7,7850,126,2906721,80059,11483,5.72,366069,12.9,0.3950499549,14.57,846681,6.02,14064550,5008,9567,01/01/15
2015,Kentucky,43116,27.31410256,7.892222222,44458.3,21.7719509,19.2360934,851.7625126,4431813.7,4430311.1,117114.3,5.82,828787,593816,234971,28.35,69,1.01,5419812403,5618742387,5891063303,9127.09,9462.09,9920.69,4710,219,4424611,97545,9887,11.32,786345,18.3,0.2234546721,8.89,1704228,5.7,29899398,6849,15138,01/01/15
2015,Louisiana,43701.68571,14.602331,7.273809524,45168.5,22.12168878,14.79073754,691.2254696,4682022,4679502,127793.7,5.91,760219,505748,254471,33.47,70,1.07,5400252493,5706749596,5550649650,10677.75,11283.78,10975.13,17416,492,4668960,157708,25202,8.78,885846,19.5,0.539777595,8.62,1513278,5.82,25986365,7777,15592,01/01/15
2015,Maine,53217.43951,12.35897436,5.961904762,54536.4,28.36409592,15.03128141,199.8888284,1329897.4,1330403.2,37722.7,5.33,292372,218586,73786,25.24,70,0.93,1882777305,1799054505,1999859459,8613.44,8230.42,9149.07,931,23,1329453,24361,1726,9.66,171266,13.2,0.1298278314,18.22,402675,5.9,6830570,3027,5959,01/01/15
2015,Maryland,73782.78095,14.22365967,5.43452381,77407.7,37.29438766,15.32735219,922.3222238,6030195.5,6029234.2,175452.5,5.54,837255,749422,87833,10.49,72,1,8702541055,7166171986,7646856986,11612.34,9562.27,10203.67,15819,538,5994983,142547,28185,5.09,583369,9.9,0.470143118,17.3,1061953,5.89,18017699,9184,22272,01/01/15
2015,Massachusetts,66621.66667,14.39662005,5.277380952,63811.6,39.9758317,16.81713401,1140.03493,6794162,6795073,187821.9,5.29,1122527,854058,268469,23.92,71,1.01,9577976398,7988608866,8234201135,11214.67,9353.71,9641.27,18974,131,6784240,114547,26453,7.01,752453,11.5,0.3899183991,15.18,1324414,4.17,31787439,13606,34081,01/01/15
2015,Michigan,50890.45714,16.0460373,6.035714286,56492.2,26.41555664,15.54086782,1540.066608,9911309.9,9915781.5,283922.2,6.03,1851263,1169511,681752,36.83,71,1.05,12225746592,11746435156,11924077913,10453.73,10043.89,10195.78,26599,585,9917715,191191,41712,8.35,1524330,15.7,0.4205807487,12.6,3355811,6.98,48088602,19556,39759,01/01/15
2015,Minnesota,62021.84762,10.60337995,4.469444444,71605.8,33.17133563,9.228903513,505.7107514,5495700.1,5493920.6,97410.6,3.24,875561,362008,513553,58.65,70,0.96,3313074495,3021347362,3277668263,9151.94,8346.08,9054.13,7094,133,5482435,121984,13319,5.18,546499,10.2,0.2429394968,14.27,1077580,5.09,21157947,9790,20605,01/01/15
2015,Mississippi,39755.05714,11.23671329,6.761904762,32541,20.4066043,11.3957606,341.9080818,3003081.9,3002422.8,88503.4,7.23,547567,458035,89532,16.35,70,1.01,4535319782,4882680770,5062171551,9901.69,10660.06,11051.93,4467,253,2989390,85785,8190,10.7,638919,22.1,0.2739689368,8.6,1080703,6.02,17965547,4840,8615,01/01/15
2015,Missouri,51879.39048,18.5002331,6.955,55504.1,26.65824425,15.72099614,954.9226956,6080714.7,6078897.5,149574.2,4.94,1089098,749861,339237,31.15,71,1,6977573103,7108171845,7611516718,9305.16,9479.32,10150.57,20833,503,6076204,173788,30292,8.03,875704,14.8,0.4985349406,12.46,2028791,5.7,35612539,9424,20614,01/01/15
2015,Montana,48452.81762,14.05874126,6.285714286,50960,29.07012106,13.92563311,143.2180405,1031888,1031331.7,21420.4,4.04,192539,153902,38637,20.07,72,0.84,1173434333,1120299661,1435177713,7624.56,7279.31,9325.27,2827,38,1032073,27276,3647,5.92,144634,14.4,0.353366477,17.57,262237,6.59,3979226,1922,3675,01/01/15
2015,Nebraska,57185.66667,8.072494172,5.080952381,58183.5,28.96072033,7.137251165,134.7695547,1895764.9,1894615.1,31680.5,3.06,298247,258356,39891,13.38,73,0.89,2366925127,2315919448,2792838973,9161.49,8964.06,10810.04,3226,62,1893765,42597,5167,5.01,224696,12.2,0.2728427234,14.06,444331,4.78,9292182,3203,6650,01/01/15
2015,Nevada,51431.2185,24.06317016,6.313095238,50105.3,22.53495822,19.05813618,544.3653554,2865580.8,2864819.4,91875.9,6.52,418162,259584,158578,37.92,71,0.95,2651242344,2412064174,2643690493,10213.43,9292.04,10184.34,11965,178,2883758,77137,20118,4.87,424824,14.9,0.6976313546,14.59,695241,7.64,9105108,3846,7257,01/01/15
2015,New Hampshire,74378.6,15.88601399,5.573809524,73589.7,34.36133414,16.74982852,222.4591051,1328916.1,1328600.1,31351.6,4.23,242876,222846,20030,8.25,71,0.87,1980557070,1789511297,2133194299,8887.56,8030.26,9572.5,1558,15,1330111,23453,2692,7.1,108293,8.4,0.2023891239,20.04,306218,5.64,5429806,2725,5700,01/01/15
2015,New Jersey,68403.22857,14.9986014,6.13,65988.8,36.35016962,12.93912118,1159.73576,8974254.4,8975797.6,294331.9,6.51,1373437,1126367,247070,17.99,73,1.06,13186488185,11401034432,11471732999,11707.1,10121.95,10184.72,11414,363,8935421,145701,22879,5.11,945989,10.8,0.256048372,16.3,1471865,4.16,35369970,12492,30654,01/01/15
2015,New Mexico,47030.08571,25.14020979,7.165555556,43864.8,26.08585359,20.60011121,431.6771761,2096314.7,2095003.2,55735.3,6.07,346682,222311,124371,35.87,70,0.91,1756898182,1675437160,1914705493,7902.88,7536.46,8612.73,9407,117,2080328,77212,13672,7.4,405364,19.8,0.6572040563,12.34,465670,6.45,7214478,3402,7076,01/01/15
2015,New York,54683.32381,12.38030303,6.168333333,52991,33.67968933,8.78225689,1739.808662,19838836.8,19853728.3,608984,6.32,3096848,1788662,1308186,42.24,72,1.07,20551048091,17058860407,16756863978,11489.62,9537.22,9368.38,44493,613,19747183,317225,75126,6.43,2985604,15.5,0.3804390733,14.17,2877638,3.04,94641910,29182,89056,01/01/15
2015,North Carolina,45516.32381,13.72074592,6.960555556,46853.7,27.79439471,16.26782401,1630.271592,10049782.5,10040320.5,252334.5,5.29,1730941,1172975,557966,32.23,70,0.99,10637342020,10644531058,11459853803,9068.69,9074.81,9769.9,22805,517,10035186,275915,34734,7.25,1607249,16.4,0.3461221347,13.44,3206870,6.07,52831808,17888,33517,01/01/15
2015,North Dakota,60502.7619,3.35967366,4.396428571,63274.7,27.32161901,5.62616674,41.98369117,755778.1,755592.9,10508.8,2.44,112332,91316,21016,18.71,73,0.9,762516429.3,748203318.6,917449644.9,8350.3,8193.56,10046.98,1378,21,756835,17716,1949,3.99,78613,10.7,0.2575198029,17.35,162573,4.56,3568506,1374,2777,01/01/15
2015,Ohio,47997.12381,21.51561772,7.148809524,51145,25.62439991,14.90451582,1728.576748,11600482.7,11601009.4,269190.7,4.79,2052642,1133730,918912,44.77,71,1.02,11033542102,11028889046,11445567931,9732.07,9727.97,10095.5,15793,522,11605090,303743,34373,7.55,1670487,14.8,0.2961889998,10.63,3305365,5.32,62188401,20514,42807,01/01/15
2015,Oklahoma,49982.17143,22.3509324,7.742857143,48434.9,23.81922546,19.88535796,776.0450855,3910997.6,3909966.5,72814.1,4,646205,524804,121401,18.79,71,0.99,5062959479,5316551062,5725660558,9647.33,10130.55,10910.09,11535,240,3907414,114055,16746,7.62,608507,16,0.428569893,14.08,1280793,7.43,17237163,6056,11579,01/01/15
2015,Oregon,57618.92381,13.1997669,5.986666667,56561.1,30.06955317,15.24725263,608.3980721,4001478.8,3998364.4,114235.8,6.04,718526,371422,347104,48.31,71,0.88,3003112705,2689886818,3252548012,8085.45,7242.13,8757.01,6757,110,4024634,119752,10680,6.25,601626,15.2,0.2653657451,16.97,1206487,7.2,16755023,8084,15686,01/01/15
2015,Pennsylvania,55089.6682,20.48752914,6.495238095,57780.6,28.09896243,15.86518826,2031.812356,12814134.7,12815593.5,369738.3,5.73,2402806,1342770,1060036,44.12,72,1.02,13783606296,13149818321,13621076632,10265.05,9793.05,10144.01,22419,665,12791904,231941,40348,7.67,1624991,13.1,0.315418252,15.47,3556348,4.87,72956584,23743,54835,01/01/15
2015,Rhode Island,58791.68571,22.32983683,6.399444444,60728.4,31.3847026,18.99905179,200.2016311,1053795.3,1054909.6,39659.5,7.3,184811,110273,74538,40.33,70,1.02,1142375688,1003476873,1017649330,10359.52,9099.93,9228.45,1520,31,1055607,20038,2565,8.08,143724,14.1,0.2429881575,12.17,227959,3.68,6198611,2097,4828,01/01/15
2015,South Carolina,44838.34286,14.48892774,6.481111111,45917.3,25.34346898,12.36466492,601.4003187,4880081.1,4874652.9,117304.4,5.23,914267,681648,232619,25.44,71,0.94,6033778518,6200528871,7084347429,8851.75,9096.38,10392.97,17652,407,4894834,162830,24448,8.08,796609,16.8,0.4994653547,9.82,1530606,6.03,25372071,7874,14598,01/01/15
2015,South Dakota,54176.11429,6.68018648,4.4,56168.8,26.6738768,7.07566036,60.72467267,863569.1,863301.9,13490,3.01,149255,117804,31451,21.07,72,0.88,988789260.4,952740175.6,1172580145,8393.51,8087.5,9953.65,2554,33,857919,16739,3302,5.15,111697,13.5,0.3848848201,17.01,208820,5.09,4105490,1609,3149,01/01/15
2015,Tennessee,44157.12381,19.08158508,7.005952381,45588,24.38786295,19.57577629,1289.670262,6599941.9,6596661.4,181136.5,6.04,1196291,746198,450093,37.62,71,1.01,6788980629,7274725597,7608924621,9098.1,9749.06,10196.92,30098,418,6595056,196047,40816,8.7,1077866,16.7,0.6188878457,13.65,2911787,7.13,40834148,12915,23747,01/01/15
2015,Texas,54223.47619,9.983216783,6.507108745,55377.1,27.08758225,11.86129357,3226.125656,27375811,27373234.8,605942.1,4.5,3443074,2190149,1252925,36.39,71,1.05,24059376495,24330249898,24110299264,10985.27,11108.95,11008.52,67629,1317,27429639,779234,113193,5.14,4255690,15.9,0.4126667507,9.03,4916801,5.5,89476820,30964,69116,01/01/15
2015,Utah,63907.6,21.02365967,5.661111111,64668.4,30.64865273,20.94423947,622.6577687,2988538.8,2985483.1,39485,2.67,320453,198716,121737,37.99,72,0.9,1708560944,1704137765,2064132363,8598,8575.75,10387.35,4048,57,2990632,89797,7138,3.76,331233,11.2,0.2386786472,14.71,563568,7.57,7449103,4044,8267,01/01/15
2015,Vermont,59937.62857,13.84825175,5.85952381,64881.9,35.2022437,13.64796664,85.53941224,626827.3,626942.9,11994.9,3.49,124182,113908,10274,8.27,71,0.84,960910107.6,844220476.9,1042188635,8435.84,7411.42,9149.39,482,10,626088,9064,747,7.75,62643,10.4,0.1193123011,22.33,149376,5.6,2666110,1199,2588,01/01/15
2015,Virginia,68904.97143,10.08006993,5.34,68395.5,35.76672044,13.32534913,1118.969585,8423146.664,8413718.9,201095.1,4.71,1257390,993994,263396,20.95,72,0.94,8706831161,8626557833,9705061196,8759.44,8678.68,9763.7,9357,390,8367587,157803,16705,5.51,914226,11.2,0.1996393942,11.39,1693625,5.54,30568062,12024,25330,01/01/15
2015,Washington,64469.92381,14.71561772,6.142222222,63502.6,32.30256808,18.55092487,1320.082658,7141509.6,7136384.4,179788.5,5.16,1120032,743922,376110,33.58,71,0.9,6301895416,5684891184,6728253890,8471.18,7641.78,9044.3,12059,218,7160290,249474,20505,5.84,860734,12.2,0.2863710827,16.6,1632551,6.87,23752842,12488,25367,01/01/15
2015,West Virginia,45125.29524,36.32249417,7.29047619,40593.8,18.74814225,19.90166975,368.5339855,1851761.4,1851152.3,45714.1,5.76,404166,292046,112120,27.74,69,0.99,2555045438,2612030955,2768489219,8748.78,8943.9,9479.63,4819,85,1841053,38694,6397,12.44,322589,18,0.3474641958,9.01,747163,5.79,12896769,3313,7070,01/01/15
2015,Wisconsin,56557.26667,14.53519814,5.647619048,57596.6,27.41777125,11.25948401,649.7252727,5776716.2,5775919.6,153032.2,4.94,1017843,601376,416467,40.92,71,0.95,5173833696,4967406276,5574164461,8603.33,8260.07,9269.02,10270,240,5767891,114171,17549,6.26,679937,12.1,0.3042533224,17.29,1470925,5.79,25403411,10400,20542,01/01/15
2015,Wyoming,59658.6,19.28379953,5.929444444,63443.6,25.12240946,14.29980467,84.27043939,591667.6,591806.2,11517.8,3.71,90567,86821,3746,4.14,72,0.81,731070202.7,658480316.4,870842662,8420.43,7584.34,10030.32,1054,16,586555,11151,1300,4.63,60787,10.6,0.2216330949,15.54,105248,6.13,1716442,899,1758,01/01/15
2016,Alabama,44808.9131,13.96170758,7.30952381,46285,23.05269085,12.15755297,592.6314205,4885625.2,4881439.2,93633.8,4.48,951475,674291,277184,29.13,70,0.99,6079331451,6667419527,7230443582,9015.89,9888.04,10723.03,18869,407,4860545,143259,25878,11.5347619,944817.3571,19.8,0.5324094315,9.85,2148262,7.44,28882148,6991,13880,01/01/16
2016,Alaska,65964.6,17.72296037,5.722222222,77646.8,27.6847143,14.98816403,112.0193165,753418.8,752475.6,22641,6.1,79181,78265,916,1.16,70,0.81,720780141.4,535805782.9,705694309.1,9209.48,6846.05,9016.73,4011,52,741522,24876,5966,4.282190476,82497.46429,11.27142857,0.8045614291,18.98,82211,6.71,1225327,1039,2406,01/01/16
2016,Arizona,51549.60714,19.5504662,6.311904762,52367.6,27.09770592,19.13771255,1311.815101,6886398.2,6881956.6,156174.2,5.12,1115108,639396,475712,42.66,72,0.91,5880395251,5557568226,6637537489,9196.8,8691.9,10380.95,21804,389,6908642,207317,32542,5.342043952,1268024.929,19.2,0.4710332363,16.04,1615417,6.49,24891001,11000,22361,01/01/16
2016,Arkansas,44496.44286,13.06678322,6.722619048,44938.6,20.64608405,15.1250143,451.6004331,2994672.4,2990423.8,68642.2,5.48,583944,448669,135275,23.17,70,0.94,3888284756,4174513067,4680333187,8666.27,9304.22,10431.59,12007,217,2988231,98092,16563,11.35552381,568373.1071,19.48214286,0.5542744185,9.69,1152408,6.35,18139502,4843,8673,01/01/16
2016,California,61527.10698,11.84825175,6.555555556,65124.2,31.00197274,17.37069827,6835.96343,39519542.6,39531905,1021988.8,5.26,5336426,2813732,2522694,47.27,72,1.02,32306158016,25784838973,25841979520,11481.6,9163.93,9184.24,104375,1930,39296476,1002070,174796,4.998285714,6644155.321,17.24642857,0.444813423,12.06,6923963,4.99,138635091,50342,116512,01/01/16
2016,Colorado,64955.09286,17.19801865,5.81547619,65272.6,37.46113616,16.44222633,897.4143378,5513525.8,5504382.2,109590.2,3.76,761315,447352,313963,41.24,71,0.86,3827806303,3649531466,4551823366,8556.59,8158.08,10175.04,11681,189,5530105,152146,19030,4.297809524,669898.25,12.50357143,0.3441164318,15.58,1166373,6.99,16687651,9660,19455,01/01/16
2016,Connecticut,72885.44039,14.85407925,5.042857143,71903.2,36.99949136,15.29291462,551.900955,3611794.4,3609439.6,104680.8,5.66,591279,412620,178659,30.22,73,1.06,4795156739,4015981668,4005769036,11621.24,9732.88,9708.13,4588,79,3587685,64875,8169,5.259428571,395868.2857,11.3,0.2276955753,16.38,661996,4.04,16397364,6278,17001,01/01/16
2016,Delaware,53382.48485,20.38403263,5.342857143,55710.6,29.43599952,17.74250105,168.3242042,954294.4,952729.8,21519,4.62,178377,159290,19087,10.7,72,0.99,1638806007,1505187797,1647906360,10288.19,9449.36,10345.32,3131,58,952698,26370,4859,6.45642457,125954.1071,13.66071429,0.5100252126,18.92,233796,5.92,3950566,1644,3485,01/01/16
2016,Florida,49550.67976,14.28264177,6.380952381,49012.8,26.76253591,18.49499427,3748.489142,20396232.2,20391623,380187,3.72,4032672,2242547,1790125,44.39,73,1.07,24701872197,24759088380,24487671559,11015.1,11040.61,10919.58,59816,1111,20656589,553812,88700,6.515955196,3484506.5,17.53571429,0.4294029377,14.1,5542783,5.17,107208736,26584,67946,01/01/16
2016,Georgia,49496.29276,11.87389524,5.29047619,51709.6,28.31162595,13.84072069,1416.388042,10300998.4,10286679.8,270560.8,5.62,1497799,942033,555766,37.11,71,1.02,8853861730,9080652754,9554684975,9398.67,9639.42,10142.62,24091,682,10313620,307305,40268,6.629736974,1917369.393,19.36785714,0.3904351721,10.41,2793487,5.92,47208298,13511,28363,01/01/16
2016,Hawaii,67126.8131,13.36993007,6.09047619,73483.8,30.47126663,12.56095205,180.9614616,1449313.4,1449486.2,19886.2,2.98,225908,106403,119505,52.9,73,0.92,823928005.3,685349798.6,766897644.2,7743.47,6441.08,7207.48,1831,35,1428683,42353,3452,4.195502024,167411.3929,11.83214286,0.2416211294,13.72,154775,3.74,4140230,1689,4228,01/01/16
2016,Idaho,54376.70119,13.88123543,6.272222222,54380.8,25.41775522,14.87109256,245.5635509,1663345,1662148.4,23112.4,2.84,282950,184391,98559,34.83,71,0.86,1485801930,1477639424,1856533180,8057.89,8013.62,10068.46,2895,49,1680026,29357,3876,6.407047619,259844.8214,15.91071429,0.2307107152,16.55,450611,7.23,6228460,2857,5209,01/01/16
2016,Illinois,56963.18333,13.48263403,6.688888889,57061.6,31.88968472,13.24927182,1709.613315,12912681.4,12913860.6,394743,6.18,1970216,1472953,497263,25.24,72,1,15282221317,14573666806,15314159675,10375.23,9894.18,10396.91,32161,1061,12835726,263256,56054,5.658190476,1866081.857,14.83571429,0.436702996,10.19,2366173,4.59,51520409,18880,45525,01/01/16
2016,Indiana,49753.51548,18.28228438,5.913095238,50392.2,23.62030673,16.35711397,1085.678139,6653197.4,6649312.4,138880.8,4.22,1135158,823887,311271,27.42,71,1.01,7963871666,7985440446,8390835724,9666.22,9692.4,10184.45,16345,431,6634007,168460,26516,7.249714286,1016038.786,15.75357143,0.399698101,12.12,2055735,6.07,33849677,10732,21121,01/01/16
2016,Iowa,58279.71522,10.15745921,5.072222222,65138.6,26.35214734,8.720957813,272.3389694,3135938,3134559.8,60743,3.56,564958,457865,107093,18.96,72,0.9,3800614979,3747481091,4454641683,8300.73,8184.69,9729.16,6669,73,3130869,65888,9170,5.794571429,385165.9286,12.675,0.2928899293,13.77,758537,4.47,16957063,5127,10564,01/01/16
2016,Kansas,51924.96069,12.08741259,5.822222222,55274.8,30.71522869,12.33455359,360.1756015,2931457.8,2929332.4,49693,3.28,474773,398739,76034,16.01,72,0.92,3638215093,3763392657,4361169441,9124.3,9438.24,10937.4,8158,132,2907731,82293,11665,5.985904762,400549.8571,14.01785714,0.4011719103,14.56,836860,5.85,14316770,5030,9790,01/01/16
2016,Kentucky,43585.1,28.19487179,7.922222222,45297,21.7719509,19.80739072,879.8173139,4449225.6,4445989.4,98435.8,4.94,843499,591223,252276,29.91,69,1.01,5418964546,5598867142,5894264933,9165.69,9469.98,9969.61,5068,265,4436113,97713,10452,11.81428571,828446.75,19.16785714,0.2356116717,8.34,1692635,5.48,30898947,6964,15711,01/01/16
2016,Louisiana,44421.99643,14.59708625,7.436904762,46366.4,22.12168878,15.41544525,723.5891379,4710346.2,4705652.2,119968.2,5.48,778855,507463,271392,34.84,70,1.08,5451272168,5784799518,5656559349,10742.21,11399.45,11146.74,18528,555,4686157,154511,26477,9.108857143,949892.1071,20.75,0.5650045442,8.55,1528486,5.76,26556445,7934,16126,01/01/16
2016,Maine,54600.88083,12.40128205,5.930952381,55818.6,28.36409592,15.70224159,208.8526698,1330254.4,1331026,33572.4,4.72,299207,215995,83212,27.81,70,0.93,1888089598,1812197073,2050367058,8741.36,8390,9492.66,948,20,1330232,21908,1649,10.06780952,185875.1071,14.26785714,0.1239633387,18.51,380629,5.5,6915912,2966,6050,01/01/16
2016,Maryland,75189.49524,14.35792541,5.404761905,79848.2,37.29438766,15.85428973,960.2293395,6080819,6076385.8,162943.2,5.1,859869,757616,102253,11.89,72,1,8750143004,7242765163,7710914731,11549.58,9559.94,10177.87,15841,536,6024752,139716,29019,5.275333333,641578.5714,10.81785714,0.4816629797,17.5,1062580,5.69,18687934,9162,22663,01/01/16
2016,Massachusetts,67821.41667,14.54172494,5.226190476,64176.6,39.9758317,17.4934957,1192.318781,6844246.6,6841000.4,169437.8,4.74,1147203,865716,281487,24.54,71,1.01,9767988773,8147443004,8417581821,11283.13,9411.22,9723.26,18334,135,6823721,106430,25975,7.260761905,806284.9643,12.29642857,0.3806574155,15.15,1304511,3.81,34217738,13251,35029,01/01/16
2016,Michigan,51366.26429,16.42995338,5.992857143,58406.8,26.41555664,16.23054824,1609.278765,9918500.8,9924703,225859.6,4.82,1887217,1172704,714513,37.86,71,1.06,12250811541,11722955076,11897726812,10446.64,9996.52,10145.55,30779,612,9933445,190249,45782,8.707428571,1636416.75,16.93214286,0.4608874363,12.37,3324042,6.65,49958016,19612,40761,01/01/16
2016,Minnesota,62690.6869,10.95827506,4.394444444,75240.8,33.17133563,9.798393572,539.242255,5533901.6,5530674,73778.8,2.42,899692,353174,546518,60.75,70,0.96,3269867024,2984869441,3264197020,9258.52,8451.55,9242.46,7185,101,5525050,117723,13365,5.409619048,608705.5,11.28928571,0.2418982634,14.08,1039998,4.73,21964547,9809,21368,01/01/16
2016,Mississippi,40295.28929,11.34160839,6.730952381,31138,20.4066043,12.00146056,360.6001406,3009707.8,3008450.6,78221.6,6.58,556319,458829,97490,17.52,70,1.01,4546064699,4911498080,5112117619,9907.97,10704.42,11141.66,4459,237,2985415,82521,8411,11.00847619,677451.2143,23.24642857,0.281736375,8.47,1091128,5.95,18350416,4879,8871,01/01/16
2016,Missouri,52599.44762,19.02470862,7.016666667,57719.6,26.65824425,16.52890032,1006.039651,6098995.4,6095835.6,122695,4.06,1109939,742845,367094,33.07,71,1.01,6921804629,7072556251,7593422408,9317.97,9520.9,10222.08,22049,538,6091176,170661,31720,8.313333333,947839.3214,16.01785714,0.5207532995,12.14,2000446,5.51,36319542,9356,21086,01/01/16
2016,Montana,50674.62544,14.22657343,6.342857143,53216.8,29.07012106,14.7531349,152.526212,1040417.4,1039652.8,18287.6,3.36,199120,155819,43301,21.75,72,0.83,1211269133,1152414885,1510045366,7773.57,7395.86,9691.02,2983,37,1038656,28156,3886,6.189714286,156633.3571,15.43214286,0.3741373467,16.45,257935,6.27,4111153,1989,3842,01/01/16
2016,Nebraska,58230.19167,8.334382284,5.09047619,59257.4,28.96072033,7.684702858,145.6680432,1909384.8,1907616.4,28701.4,2.74,305093,262996,42097,13.8,73,0.89,2401013387,2373599579,2863584798,9129.47,9025.23,10888.32,3558,49,1907603,43197,5661,5.221809524,240429.1786,12.93214286,0.2967598604,13.98,446951,4.65,9618239,3265,6871,01/01/16
2016,Nevada,53962.46315,24.4960373,6.294047619,50320.6,22.53495822,19.78478824,570.2420602,2899971.8,2899231.4,71993.6,5.02,435262,265397,169865,39.03,71,0.95,2740324515,2480534726,2718546985,10325.38,9346.51,10243.32,11629,228,2939254,75922,19924,4.929356221,481962.4643,16.93571429,0.6778590758,14.3,690377,7.42,9306707,3855,7552,01/01/16
2016,New Hampshire,75910.525,16.26748252,5.561904762,75264.4,34.36133414,17.53088166,233.1549782,1331511.2,1331110,28916.2,3.9,250517,226252,24265,9.69,71,0.87,2035713375,1849948442,2229334354,8997.55,8176.5,9853.32,1609,19,1335015,20323,2668,7.553714286,118901.5714,9.275,0.1998479418,20.34,283948,5.02,5652152,2624,5819,01/01/16
2016,New Jersey,69377.75714,15.60174825,6.166666667,66585.4,36.35016962,13.50204851,1213.801923,9011329,9009605.4,262081.8,5.82,1398094,1124738,273356,19.55,73,1.06,13355807378,11455391585,11484400869,11874.59,10184.94,10210.73,11089,378,8978416,138012,21861,5.250095238,1039781.286,11.78928571,0.2434839286,16.28,1450449,3.99,36378002,12195,31116,01/01/16
2016,New Mexico,47853.27143,25.41223776,7.255555556,43993.6,26.08585359,20.90574637,439.1164113,2101899.6,2099976.4,51903,5.68,358396,227570,130826,36.5,70,0.91,1826901051,1754892484,2030462594,8027.86,7711.44,8922.36,10182,139,2085432,81930,14585,7.728571429,450612.3214,21.72142857,0.6993754771,11.86,453124,6.15,7368196,3350,7221,01/01/16
2016,New York,55572.65595,12.81212121,6.183333333,53829.8,33.67968933,9.198574876,1828.263021,19931054.8,19940193.8,559962.2,5.8,3146341,1803067,1343274,42.69,72,1.07,21206811603,17436544677,17201931823,11761.52,9670.49,9540.37,45095,629,19836286,305224,74315,6.656285714,3203473,16.60714286,0.3746417046,14.12,2831992,2.93,96818184,28473,91449,01/01/16
2016,North Carolina,46045.08095,13.8990676,7.072222222,47557.6,27.79439471,16.92197738,1708.464382,10150644.6,10136957.2,198932,4.1,1775820,1185183,590637,33.26,71,0.99,10785884211,10743536082,11670993139,9100.61,9064.88,9847.42,24906,678,10156689,277765,37767,7.482285714,1776504.786,17.94285714,0.3718436195,13.26,3175619,5.91,53717099,17954,34594,01/01/16
2016,North Dakota,62277.94048,3.275407925,4.360714286,65498.6,27.32161901,6.075184858,45.88797588,773102.4,772481.8,9791.6,2.18,114919,90018,24901,21.67,73,0.9,768057189.3,748881621.7,912264130.6,8532.26,8319.24,10134.24,1352,16,755548,17451,1905,4.112410354,81691.42857,10.88928571,0.2521348743,16.78,158378,4.16,3808769,1369,2843,01/01/16
2016,Ohio,48355.33095,22.30547786,7.236904762,52506.6,25.62439991,15.44982145,1793.515374,11614600.2,11614552.8,206450.4,3.74,2094505,1231289,863216,41.21,71,1.02,12037706274,11983578460,12546201538,9776.51,9732.55,10189.49,16748,683,11622554,300945,35759,7.741333333,1823894.357,16.16071429,0.3076690373,10.28,3189423,5.02,63581782,20512,44133,01/01/16
2016,Oklahoma,51041.24286,22.8988345,7.846428571,49024.8,23.81922546,20.63807532,810.2776513,3942243.6,3940339.6,64008.6,3.48,657394,530299,127095,19.33,71,0.99,5178625090,5450317120,5912869135,9765.48,10277.82,11150.07,12334,247,3921207,118010,17855,7.936130317,643743.5,16.775,0.4553444896,14.11,1287728,7.27,17701374,5961,11852,01/01/16
2016,Oregon,58824.60595,13.27529138,5.966666667,57963,30.06955317,16.01928302,642.8975379,4035132.4,4031038,95168.2,5.14,743460,381233,362227,48.72,71,0.87,3129455818,2776066002,3382461246,8208.77,7281.81,8872.43,6776,116,4085989,121716,10983,6.45247619,673010.5,17.04642857,0.268796612,16.03,1166242,6.88,16957692,8144,16023,01/01/16
2016,Pennsylvania,55328.68429,21.07808858,6.522619048,59677,28.09896243,16.55508544,2122.495714,12834192.2,12834550,332786,5.14,2447138,1364111,1083027,44.26,72,1.02,13944708908,13251179483,13818695692,10222.56,9714.15,10130.18,22942,674,12787085,222394,40389,8.025619048,1737480.536,13.94285714,0.315857758,15.43,3507552,4.66,75241541,23576,56277,01/01/16
2016,Rhode Island,59820.19643,23.01270396,6.427777778,62859.4,31.3847026,19.86070156,209.3651896,1054337.4,1055462,34381.4,6.42,188379,103996,84383,44.79,71,1,1058252360,926332639.6,968875851.2,10175.89,8907.39,9316.47,1514,29,1057566,18910,2529,8.378,156172.6786,15.40714286,0.2391340115,11.53,217783,3.46,6289633,2045,4909,01/01/16
2016,South Carolina,45339.26071,14.72634033,6.511111111,46911.4,25.34346898,12.93401972,633.7569289,4931065.6,4923778.8,91240.4,3.98,943397,687200,256197,27.16,71,0.93,6030948454,6194563945,7149350423,8776.12,9014.21,10403.59,18217,358,4959822,161534,25137,8.319047619,876581.3214,18.31428571,0.5068125429,10.02,1534137,5.9,26016478,7893,15198,01/01/16
2016,South Dakota,55310.07857,6.7997669,4.35,58328,26.6738768,7.602242427,65.65410778,873447.6,872832.4,11733.4,2.6,153470,117168,36302,23.65,72,0.88,994917310.7,955828975.2,1183449375,8491.37,8157.76,10100.45,2808,28,861542,17207,3636,5.269047619,117138.8214,14,0.4220339809,16.68,212080,5.01,4229862,1632,3234,01/01/16
2016,Tennessee,44725.95595,19.44801865,7.09047619,46721.2,24.38786295,20.21981535,1339.994876,6649853.8,6645094.2,157405.6,5.32,1222528,746122,476406,38.97,71,1,6807939211,7274134537,7708789787,9124.43,9749.26,10331.81,31332,495,6649404,191199,42459,9.00952381,1178947.679,18.14642857,0.6385384314,12.97,2866791,6.94,41292770,12945,24399,01/01/16
2016,Texas,55333.29405,10.07097902,6.528699656,56934.8,27.08758225,12.54470338,3447.339041,27815441.6,27800299,522457.8,3.74,3549570,2222440,1327130,37.39,72,1.05,24627249015,24923208969,24773243888,11081.18,11214.35,11146.87,72842,1478,27904862,769892,121064,5.399083133,4655430.286,17.19285714,0.4338455428,8.84,4987823,5.43,91924608,31562,71227,01/01/16
2016,Utah,65031.2,21.35792541,5.644444444,66560.2,30.64865273,21.99911603,660.636327,3032707.2,3027940.6,26500.6,1.66,332013,202886,129127,38.89,72,0.88,1752002035,1736352832,2145494417,8635.4,8558.27,10574.88,4244,74,3044321,90561,7406,3.952761905,370419.2143,12.55714286,0.2432726378,14.76,574427,7.4,7759240,4112,8555,01/01/16
2016,Vermont,61213.18214,14.16468531,5.879761905,67203,35.2022437,14.31175899,89.71751669,627011.4,627137.4,10051.2,2.98,127611,116614,10997,8.62,71,0.84,995914255.6,879377836.3,1094188984,8540.26,7540.93,9383,589,14,623354,9705,851,8.126761905,70567.67857,11.71785714,0.1365195379,22,145116,5.35,2713122,1177,2663,01/01/16
2016,Virginia,70309.51786,10.23741259,5.3,69882.2,35.76672044,13.91189686,1176.462297,8505782.155,8489917.2,182031,4.24,1291634,1015424,276210,21.38,72,0.95,9016163842,8895967326,10009683301,8879.21,8760.84,9857.64,10357,482,8414380,157292,18495,5.716666667,996076.25,12.05357143,0.2198022908,11.34,1661855,5.28,31458319,12008,25793,01/01/16
2016,Washington,65841.38095,14.75547786,6.155555556,64790.8,32.30256808,19.35010338,1388.311373,7223044.4,7215471.2,145583.4,4.18,1158459,767431,391028,33.75,72,0.89,6601562909,5893893398,7014122126,8602.16,7680.03,9139.74,13124,195,7280934,254994,22101,6.075333333,966348.4286,13.67142857,0.3035462209,15.93,1599195,6.62,24171657,12480,26086,01/01/16
2016,West Virginia,46116.27381,37.78438228,7.195238095,40073.6,18.74814225,20.58424262,381.0629173,1851121.8,1850243.6,40849,5.18,409092,292211,116881,28.57,69,1,2595216111,2650474265,2810178370,8881.31,9070.41,9616.95,5144,85,1828637,37282,6633,12.76102315,333228.25,18.45357143,0.3627291803,8.49,682576,5.25,13006175,3219,7202,01/01/16
2016,Wisconsin,57400.09167,14.93100233,5.648809524,59109.2,27.41777125,11.80931913,682.8436672,5793926.4,5792995.6,130618.6,4.2,1045406,606086,439320,42.02,71,0.94,5188239247,4998764801,5648801964,8560.24,8247.62,9320.13,10772,232,5772917,111911,17716,6.52352381,761715.0357,13.51785714,0.3068812526,16.61,1430544,5.52,25932784,10336,20871,01/01/16
2016,Wyoming,61041.05,20.03275058,5.961111111,65434.6,25.12240946,15.11222718,89.59378709,597223,597324.4,9927,3.18,93581,89737,3844,4.11,72,0.81,766567161.3,689228950.6,927677543.6,8542.38,7680.54,10337.74,1146,20,584910,11460,1431,4.688857143,67344,11.50714286,0.2446530235,14.48,103663,5.85,1770588,899,1791,01/01/16
